timestamp,speed,distance,stay,x1sim,y1sim,x2sim,y2sim,nn_pred_x,nn_pred_y,svr_pred_x,svr_pred_y
1/1/2019 0:00:09,66,37,2.018181815,31775,5843.4,31764.7,5854.8,31760.78,5828.2803,31688.30486,5802.436513
1/1/2019 0:00:19,61,68,4.013114748,30711.6,7776.1,30718,7754.5,30708.389,7758.1333,30464.70731,7599.185973
1/1/2019 0:00:24,1,23,82.79999172,32260.8,5253,32271.8,5247,32251.967,5253.6514,32602.43959,5143.97246
1/1/2019 0:00:33,10,2,0.719999993,33172.9,4604.6,33171,4604.9,33165.69,4607.34,33407.77744,4634.384646
1/1/2019 0:00:37,23,17,2.660869554,31936.1,5143,31934.1,5148.7,31927.215,5145.8374,32203.83452,5101.352231
1/1/2019 0:00:38,1,17,61.19999388,31260.8,5126,31265.3,5131.3,31271.605,5125.86,31636.39954,5036.886528
1/1/2019 0:00:40,24,26,3.899999984,31722.6,5131.7,31742.7,5133.4,31702.271,5122.2964,31997.21116,5077.545121
1/1/2019 0:00:42,56,41,2.635714281,33327.5,4821.8,33350.1,4812.6,33341.89,4813.683,33126.66532,4819.225837
1/1/2019 0:00:44,0,2,72000000,33637.3,4683.1,33637.3,4682.4,33628.79,4685.613,33817.42763,4723.997544
1/1/2019 0:00:44,22,25,4.090909072,33664.5,4679.6,33679.4,4674.3,33669.38,4675.011,33795.29676,4669.902289
1/1/2019 0:00:48,0,9,324000000,33722.7,4199.9,33720.8,4197,33722.543,4201.3135,33703.03245,4277.998335
1/1/2019 0:00:56,6,7,4.19999993,33330.1,4333.6,33330.1,4336.1,33325.098,4334.5903,33536.31118,4366.597838
1/1/2019 0:01:00,14,23,5.914285672,34303,5130.3,34301,5137.7,34306.965,5125.47,34231.73357,5101.752578
1/1/2019 0:01:03,11,23,7.527272659,34298.4,5143.4,34298.4,5135.9,34300.812,5138.8345,34225.87616,5111.409115
1/1/2019 0:01:05,18,19,3.799999979,34017.7,5040.1,34002.8,5041.1,34021.645,5036.425,34058.52858,5037.36049
1/1/2019 0:01:07,10,7,2.519999975,32850.1,4500.2,32844.9,4500.9,32845.285,4501.5947,33047.91227,4516.856653
1/1/2019 0:01:09,0,8,288000000,32844.3,4498.4,32846.9,4496,32844.7,4501.3726,32889.51112,4517.214069
1/1/2019 0:01:17,0,4,144000000,33720.8,4194.2,33717.6,4193.9,33718.69,4194.5483,33878.70438,4223.466959
1/1/2019 0:01:22,7,6,3.085714242,33332,4335.7,33332,4337.8,33327.08,4336.6753,33547.5683,4365.52225
1/1/2019 0:01:26,61,68,4.013114748,34735.1,4458.5,34775.8,4444.7,34772.383,4448.2617,34426.97489,4381.196641
1/1/2019 0:01:27,1,21,75.59999244,35317.9,4133,35314.7,4126.3,35377.336,4112.8228,35305.19652,4192.550341
1/1/2019 0:01:30,5,21,15.1199997,34075.3,4547.6,34059.1,4546.6,34097.176,4541.8906,34199.22421,4575.835736
1/1/2019 0:01:53,0,6,216000000,33713.7,4199.5,33715.6,4197.7,33712.883,4200.433,33798.5513,4231.134602
1/1/2019 0:01:54,6,20,11.9999998,33662.6,4028.6,33658,4022.3,33663.375,4026.5046,33892.36339,4056.707576
1/1/2019 0:02:00,17,3,0.635294114,32390.8,4818.2,32392.1,4819.3,32380.2,4823.884,32666.96742,4818.67232
1/1/2019 0:02:01,15,8,1.919999987,32315.8,4793.8,32310.6,4792.4,32307.889,4796.8076,32523.76659,4795.461191
1/1/2019 0:02:01,1,8,28.79999712,32310.6,4792.4,32305.4,4790.7,32328.182,4800.019,32525.22158,4805.35189
1/1/2019 0:02:02,22,25,4.090909072,32515.7,4870.6,32529.3,4876.3,32523.46,4877.322,32697.10612,4860.098117
1/1/2019 0:02:12,15,4,0.959999994,40610.6,2900.1,40611.9,2901.6,40621.285,2890.6206,40133.79378,3052.659491
1/1/2019 0:02:13,1,18,64.79999352,40609.3,2904,40608,2910.1,40618.92,2893.6846,39819.97913,3167.458605
1/1/2019 0:02:14,30,18,2.159999993,38961.7,3022.9,38948.8,3020.8,38966.777,3013.6987,38953.34024,3046.471563
1/1/2019 0:02:17,40,26,2.339999994,36426,3661.4,36405.9,3660.4,36432.324,3653.8167,36608.00109,3594.066226
1/1/2019 0:02:21,37,21,2.043243238,34056.5,4540.5,34040.3,4540.5,34045.094,4532.537,34177.24696,4526.541384
1/1/2019 0:02:22,12,16,4.79999996,33720.8,4202.3,33718.9,4197,33723.453,4200.561,33951.12883,4199.933322
1/1/2019 0:02:31,13,6,1.661538449,33622.5,4207.7,33617.9,4206.9,33621.85,4207.321,33873.18973,4215.666694
1/1/2019 0:02:46,20,13,2.339999988,33993.1,4509.1,33998.3,4512.9,34003.05,4505.8677,34227.1018,4518.297056
1/1/2019 0:02:50,30,8,0.959999997,34001.5,4541.2,34003.5,4538.8,34000.64,4539.8213,34209.46257,4544.817565
1/1/2019 0:02:51,1,9,32.39999676,33775.1,4313.4,33773.8,4310.6,33769.582,4314.801,33982.4006,4357.535779
1/1/2019 0:02:58,16,8,1.799999989,32975,3637.4,32980.8,3638.8,32979.82,3638.4219,33300.73067,3675.320283
1/1/2019 0:02:58,14,12,3.085714264,32946.5,3749.5,32946.5,3753.4,32950.04,3746.9585,33211.6978,3759.088119
1/1/2019 0:02:59,2,24,43.19999784,33009.2,3754.5,33009.9,3746.7,33008.77,3751.5981,33304.8119,3852.046682
1/1/2019 0:03:05,18,6,1.199999993,33527.4,4508.3,33526.7,4510.5,33524.504,4509.186,33787.27751,4524.393201
1/1/2019 0:03:06,7,3,1.542857121,33625.7,4650.2,33627,4651.3,33621.453,4650.347,33882.64299,4699.707793
1/1/2019 0:03:10,0,2,72000000,33631.5,4684.9,33629.6,4684.9,33622.945,4686.893,33858.66318,4733.330884
1/1/2019 0:04:45,0,2,72000000,33627.6,4685.9,33626.3,4686.3,33619.01,4687.5566,33877.95283,4737.938745
1/1/2019 0:04:50,0,1,36000000,33627,4687.4,33627,4687,33618.27,4688.775,33895.51361,4746.972098
1/1/2019 0:04:56,42,22,1.885714281,31990.4,3883.3,31973.6,3881.1,31989.088,3880.5776,32140.53668,3907.109559
1/1/2019 0:04:59,70,76,3.908571423,29692.1,3911.2,29633.2,3913.7,29702.88,3899.6594,29284.33865,3974.750649
1/1/2019 0:04:59,71,78,3.954929572,28400.3,3966,28340.1,3968.9,28406.611,3954.5515,28276.67496,4031.813789
1/1/2019 0:05:12,10,20,7.199999928,25195.1,4268.1,25207.4,4263.9,25172.777,4267.638,25156.15464,4258.741679
1/1/2019 0:05:16,86,94,3.934883716,28848.6,3939.5,28921,3936,28861.129,3925.1326,29692.04034,4104.679237
1/1/2019 0:05:19,8,4,1.799999978,31128.8,4381,31132,4381.7,31116.695,4382.2905,30967.88909,4347.909068
1/1/2019 0:05:22,24,26,3.899999984,31634,4687,31648.2,4693,31631.033,4684.628,31665.58567,4666.190259
1/1/2019 0:05:24,15,21,5.039999966,32505.3,4879.8,32518.3,4875.6,32507.607,4884.337,32716.29493,4897.045652
1/1/2019 0:05:31,19,4,0.757894733,33852.1,4600,33852.1,4598.6,33849.84,4599.58,34169.6088,4636.771327
1/1/2019 0:05:33,2,12,21.59999892,33751.8,4561.8,33754.4,4557.9,33758.35,4557.86,34002.97357,4612.357999
1/1/2019 0:05:34,1,36,129.599987,33754.4,4555.8,33753.8,4567.4,33764.684,4546.632,33942.69195,4586.453464
1/1/2019 0:05:39,19,11,2.084210515,33844.3,4590.8,33852.8,4591.8,33843.19,4588.689,34149.12969,4621.769565
1/1/2019 0:05:40,4,23,20.69999948,34246.7,4556.5,34234.4,4562.1,34271.137,4548.954,34460.20209,4601.603776
1/1/2019 0:05:42,15,16,3.839999974,33812.6,4555,33802.9,4551.9,33812.633,4551.614,34101.05007,4583.295496
1/1/2019 0:06:10,7,5,2.571428535,33887,4545.5,33883.2,4544.8,33894.355,4543.1655,34192.4762,4598.897716
1/1/2019 0:06:11,5,1,0.719999986,33624.4,4574.9,33623.8,4575.2,33621.6,4573.8887,33932.90435,4630.953965
1/1/2019 0:06:12,12,3,0.899999993,33624.4,4613.1,33624.4,4614.1,33615.133,4613.002,33948.44395,4660.335717
1/1/2019 0:07:08,0,7,252000000,33635.4,4656.6,33640.6,4655.9,33627.133,4659.088,33642.56594,4666.243782
1/1/2019 0:07:09,8,14,6.299999921,33456.9,4669.3,33445.9,4670.4,33450.562,4666.36,33740.52132,4717.292381
1/1/2019 0:07:11,1,23,82.79999172,33298.4,4557.9,33300.3,4550.4,33291.68,4557.1885,33528.85586,4591.406479
1/1/2019 0:07:13,1,26,93.59999064,33152.2,4601.7,33165.1,4608.1,33155.543,4598.5303,33389.14518,4630.092715
1/1/2019 0:07:14,1,11,39.59999604,33525.4,4730.5,33530,4727.3,33515.312,4728.886,33802.10214,4790.747204
1/1/2019 0:07:16,10,21,7.559999924,33459.5,4648.4,33442.6,4648.4,33455.22,4643.769,33732.23235,4686.198129
1/1/2019 0:07:17,0,16,576000000,33444.6,4638.5,33449.1,4643.5,33450,4638.8823,33240.66315,4585.792976
1/1/2019 0:07:18,3,13,15.59999948,33636.1,4646.3,33639.3,4650.6,33632.453,4643.2837,33913.26752,4701.696807
1/1/2019 0:07:46,33,6,0.654545453,33448.5,4791.4,33443.3,4791.7,33452.58,4789.075,33758.83576,4809.602538
1/1/2019 0:07:52,0,6,216000000,33714.3,4653,33713,4655.2,33706.125,4654.914,33784.67341,4670.719133
1/1/2019 0:07:55,0,2,72000000,33649,4679.9,33647.7,4679.6,33640.34,4680.838,33913.19057,4734.967549
1/1/2019 0:08:03,53,59,4.007547162,34977.7,4111.1,35005.5,4095.9,34942.688,4103.4453,34946.22528,4098.797867
1/1/2019 0:08:04,56,61,3.921428564,35471.2,3876.2,35518.4,3877.9,35504.926,3879.5115,35538.18276,3841.478056
1/1/2019 0:08:07,57,62,3.915789467,38814.2,3327.5,38861.5,3331.7,38825.926,3317.3708,39142.89042,3242.583561
1/1/2019 0:08:10,53,57,3.871698106,42624.3,3120.9,42668.9,3120.5,42609.19,3115.641,42670.45777,3117.399005
1/1/2019 0:08:14,11,16,5.236363589,44929.7,3090.8,44935.5,3086.2,44928.76,3084.8186,44599.15139,3159.37379
1/1/2019 0:08:16,0,19,684000000,44935.5,3086.2,44945.2,3081.6,44985.156,3087.5254,36763.60933,3980.878951
1/1/2019 0:08:19,68,74,3.917647053,43956.8,3131.2,43899.3,3129.7,43998.918,3114.9807,43206.11771,3210.084065
1/1/2019 0:08:20,67,73,3.922388054,41615.8,3129.7,41559.5,3129.4,41644.656,3116.2698,41748.95308,3102.638133
1/1/2019 0:08:26,2,11,19.79999901,37767.6,3235.5,37761.8,3238.3,37769.227,3226.4026,37847.45588,3250.323285
1/1/2019 0:08:28,22,10,1.636363629,37831.6,3201.9,37826.5,3204.4,37830.684,3193.8342,38014.90944,3144.170689
1/1/2019 0:08:31,19,5,0.947368416,36378.8,3816.4,36378.8,3818.2,36375.438,3809.5557,36547.32636,3811.213009
1/1/2019 0:08:40,1,25,89.999991,32826.2,4484.6,32842.3,4480,32827.914,4481.256,33019.38942,4505.661847
1/1/2019 0:09:00,16,15,3.374999979,33715.6,4943.8,33725.3,4946.7,33715.945,4940.252,34051.38852,5016.214361
1/1/2019 0:09:03,0,21,756000000,33473.7,5220.5,33461.4,5215.9,33481.555,5218.829,33573.67208,4830.33631
1/1/2019 0:09:04,17,25,5.294117616,33495,5055.3,33502.1,5047.8,33500.38,5049.205,33795.60375,5104.73111
1/1/2019 0:09:04,19,13,2.463157882,33696.2,4954.8,33702,4951.3,33697.152,4951.4683,34036.89714,5024.770137
1/1/2019 0:09:07,4,1,0.899999978,31887.6,4560.7,31887.6,4560.4,31873.781,4561.935,31964.91412,4560.285183
1/1/2019 0:09:09,30,34,4.079999986,32328.7,4454.2,32346.8,4462.4,32332.334,4449.043,32367.76223,4448.971962
1/1/2019 0:09:20,0,0,0,33630.2,4656.6,33629.6,4656.6,33624.71,4655.8296,33936.46302,4722.468033
1/1/2019 0:09:56,7,8,4.114285656,33017,4463.8,33010.5,4464.1,33010.73,4463.161,33207.04469,4481.033754
1/1/2019 0:09:59,4,15,13.49999966,33491.2,4547.3,33493.1,4542.3,33480.32,4541.998,33741.57521,4590.307936
1/1/2019 0:10:01,19,7,1.326315782,33334.6,4359.1,33330.7,4357.3,33331.438,4358.114,33559.43608,4356.801623
1/1/2019 0:10:04,6,10,5.9999999,33396.1,4556.1,33404.5,4556.5,33386.28,4556.029,33652.6853,4598.354218
1/1/2019 0:10:06,0,15,540000000,33700.7,4653.7,33706.6,4649.5,33704.234,4653.0586,33341.63082,4620.625928
1/1/2019 0:10:13,14,20,5.142857106,33788.7,4569.2,33775.8,4565.7,33784.137,4564.507,34087.64489,4613.616116
1/1/2019 0:10:23,8,9,4.049999949,33608.2,4614.1,33615.4,4614.1,33597.902,4611.7773,33901.3105,4669.288754
1/1/2019 0:10:38,61,68,4.013114748,35175.6,4004.2,35209.2,3987.6,35162.94,4000.9832,35099.09454,3983.030798
1/1/2019 0:10:40,56,61,3.921428564,37054.8,3608.7,37092.3,3596.7,37058.41,3601.2578,37247.75883,3550.950763
1/1/2019 0:10:44,5,18,12.95999974,38138.9,3516,38139.5,3522.1,38133.758,3508.5576,38170.64946,3508.348656
1/1/2019 0:10:46,48,52,3.899999992,37157.6,3591.4,37124,3600.9,37154.84,3584.2144,37293.81887,3555.729446
1/1/2019 0:10:49,11,26,8.509090832,34976.4,3868.7,34956.3,3868.4,34970.918,3857.777,35163.4501,3867.447321
1/1/2019 0:10:56,0,21,756000000,31135.9,4383.1,31134.6,4376.4,31140.012,4386.0654,32926.87202,4447.319042
1/1/2019 0:11:07,20,23,4.139999979,33504.1,4745.7,33509.9,4738.6,33507.777,4739.5537,33795.7182,4800.783216
1/1/2019 0:11:14,12,19,5.699999953,38505,3317.6,38519.9,3316.5,38499.383,3310.101,38668.9819,3251.649401
1/1/2019 0:11:14,3,19,22.79999924,38640.9,3316.2,38655.7,3317.2,38636.5,3308.3083,38623.22559,3309.704846
1/1/2019 0:11:17,31,34,3.948387084,40784.6,3126.6,40811.1,3126.6,40773.957,3120.3013,40962.12386,3065.453031
1/1/2019 0:11:21,55,60,3.92727272,42867.5,3123,42914.1,3123,42856.094,3116.8083,43317.84467,3090.081251
1/1/2019 0:11:21,53,58,3.939622634,43622.4,3124.8,43667.7,3124.4,43602.945,3120.6453,43918.70212,3128.333918
1/1/2019 0:11:32,27,31,4.133333318,41588,3132.2,41564.1,3132.2,41578.023,3126.1663,41886.58914,3062.307462
1/1/2019 0:11:37,7,11,5.657142776,40335.7,3158.7,40342.1,3156.3,40332.734,3151.409,40645.08868,3087.337919
1/1/2019 0:11:39,1,9,32.39999676,39887.4,2880.7,39885.4,2877.9,39887.68,2872.0042,39919.55014,2896.759111
1/1/2019 0:11:41,3,10,11.9999996,39545.8,2788.7,39540,2790.8,39546.28,2779.636,39608.62697,2807.576704
1/1/2019 0:11:45,25,6,0.863999997,39953.4,3195.5,39950.1,3193.8,39948.645,3189.1443,40025.37948,3145.651957
1/1/2019 0:11:48,40,45,4.04999999,37362,3527.4,37336.8,3537.3,37350.004,3520.7646,37417.09684,3514.800066
1/1/2019 0:11:50,0,4,144000000,36080.6,3933.5,36081.9,3932.1,36176.758,3912.1228,36206.40125,3871.068598
1/1/2019 0:11:53,25,27,3.887999984,36033.3,3954,36020.4,3961.1,36019.43,3948.2173,36227.70487,3950.792148
1/1/2019 0:11:59,12,3,0.899999993,33634.1,4656.6,33634.1,4655.5,33623.79,4655.7144,33923.93553,4714.928064
1/1/2019 0:12:00,0,11,396000000,33634.1,4655.5,33637.3,4659.1,33633.89,4655.4194,33331.62123,4656.688461
1/1/2019 0:12:09,0,1,36000000,33643.8,4672.5,33644.5,4672.1,33634.75,4672.274,33868.25237,4729.084102
1/1/2019 0:12:17,11,13,4.254545416,33187.1,3376,33185.8,3371.7,33179.58,3375.8489,33397.07353,3363.034461
1/1/2019 0:12:31,13,6,1.661538449,33309.4,4259.3,33309.4,4261.4,33302.855,4258.09,33445.25406,4247.173894
1/1/2019 0:12:36,0,6,216000000,33312.6,4259.3,33310,4261.1,33306.777,4258.646,33220.66128,4209.132847
1/1/2019 0:12:38,17,24,5.082352911,33454.3,4569.9,33451,4577.7,33457.523,4564.5225,33680.05658,4608.432011
1/1/2019 0:12:45,7,22,11.31428555,34660.7,5093.8,34678.2,5093.5,34655.297,5087.5586,34801.18818,5143.049481
1/1/2019 0:12:45,11,23,7.527272659,35059.8,5194.6,35075.3,5198.5,35047.652,5189.419,35100.76171,5221.542983
1/1/2019 0:12:55,57,63,3.978947361,33863.1,4612.4,33828.2,4626.5,33900.004,4602.602,33632.92585,4653.037883
1/1/2019 0:12:56,28,14,1.799999994,33370.2,4836.3,33381.2,4837.3,33375.55,4831.3867,33636.29935,4885.442908
1/1/2019 0:13:01,28,31,3.985714271,32121.7,4700.8,32140.5,4707.2,32120.693,4695.8145,32184.59287,4712.356797
1/1/2019 0:13:08,51,55,3.882352934,37565.1,3462.6,37605.2,3456.3,37558.71,3455.926,37669.07826,3436.870695
1/1/2019 0:13:10,44,47,3.845454537,40652.6,3129.7,40689.5,3129,40635.094,3124.253,40852.27351,3100.187845
1/1/2019 0:13:11,3,10,11.9999996,40934,3123,40930.8,3119.8,40929.996,3115.9912,41206.24142,3075.85258
1/1/2019 0:13:14,1,20,71.9999928,40774.2,2884.2,40758.7,2883.5,40770.01,2876.1223,40608.18463,2918.402109
1/1/2019 0:13:19,15,12,2.879999981,38873.1,3416.6,38872.5,3420.5,38865.21,3410.252,39102.04,3347.096199
1/1/2019 0:13:20,0,8,288000000,38872.5,3420.5,38867.3,3421.9,38881.625,3418.3948,38716.74979,3325.819471
1/1/2019 0:13:22,50,55,3.959999992,37702.3,3451.7,37660.9,3456.6,37694.9,3445.0083,37789.07204,3430.934505
1/1/2019 0:13:42,0,2,72000000,33634.8,4650.9,33633.5,4650.6,33625.504,4650.6416,33760.96931,4692.277367
1/1/2019 0:14:02,9,7,2.799999969,33455.6,4650.6,33449.8,4650.9,33445.82,4647.783,33648.97098,4705.426063
1/1/2019 0:14:03,11,11,3.599999967,33704,4472.6,33710.4,4470.1,33695.03,4467.169,33886.51127,4507.665828
1/1/2019 0:14:04,5,12,8.639999827,33884.4,4438,33879.9,4434.4,33884.977,4430.4136,34060.95171,4476.846511
1/1/2019 0:14:08,9,6,2.399999973,33630.2,4642.8,33630.9,4644.9,33614.92,4641.0957,33833.84278,4701.214254
1/1/2019 0:14:11,0,1,36000000,33630.2,4646.7,33629.6,4647,33620.45,4645.8403,33776.84185,4695.503799
1/1/2019 0:14:13,0,2,72000000,33629.6,4647,33628.9,4647.7,33620.21,4646.645,33733.51926,4686.268405
1/1/2019 0:14:28,2,2,3.59999982,33631.5,4649.1,33633.5,4649.5,33620.31,4647.42,33810.32393,4706.930476
1/1/2019 0:14:29,3,3,3.59999988,33546.8,4566,33544.2,4566,33535.316,4563.294,33709.5653,4615.138552
1/1/2019 0:14:31,14,24,6.171428527,33460.1,4333.2,33478.2,4331.5,33459.934,4329.243,33575.93489,4342.569655
1/1/2019 0:14:31,4,25,22.49999944,33744.1,4244.4,33740.8,4236.3,33737.586,4241.0273,33860.45126,4266.6251
1/1/2019 0:14:33,30,18,2.159999993,33716.3,3805.1,33716.9,3799.1,33721.008,3799.6628,33753.94352,3754.059193
1/1/2019 0:14:37,22,6,0.981818177,33417.4,3684.8,33421.9,3685.9,33421.35,3683.7458,33441.01846,3641.623304
1/1/2019 0:14:39,8,12,5.399999933,33708.5,4082.1,33711.7,4086,33700.34,4079.6162,33794.848,4055.491873
1/1/2019 0:15:19,0,7,252000000,33452.3,4671.8,33446.5,4672.5,33443.348,4672.852,33308.69874,4671.81477
1/1/2019 0:15:19,27,12,1.599999994,33451.7,4794.9,33442,4795.3,33455.14,4790.058,33636.90624,4840.895107
1/1/2019 0:15:21,32,36,4.049999987,32025.3,5521.2,32016.9,5532.1,32042.29,5510.785,32502.69162,5413.913592
1/1/2019 0:15:24,11,12,3.927272692,32693.6,5510.9,32698.1,5507.4,32689.057,5507.7646,32947.75178,5468.094261
1/1/2019 0:15:25,14,15,3.85714283,32335.8,5275,32329.4,5270.7,32333.38,5271.067,32568.73509,5294.221583
1/1/2019 0:15:52,0,16,576000000,33170.3,4606.7,33160,4609.5,33177.56,4607.7725,33125.49227,4620.836035
1/1/2019 0:15:56,10,12,4.319999957,31663.1,4656.9,31656,4659.4,31655.168,4654.527,31474.69446,4656.236148
1/1/2019 0:16:04,5,23,16.55999967,33366.3,4946.3,33378.6,4940.6,33365.586,4940.3555,33513.81536,4992.701034
1/1/2019 0:16:05,17,8,1.694117637,33526.7,4872.4,33528.7,4869.9,33523.742,4869.442,33682.73489,4936.477966
1/1/2019 0:16:14,19,10,1.894736832,40359.6,2644.7,40367.4,2643.7,40353.117,2637.2568,40312.42243,2648.221699
1/1/2019 0:16:19,19,6,1.136842099,40349.3,2588.8,40346,2590.2,40343.957,2581.2239,40175.60766,2650.329372
1/1/2019 0:16:20,23,5,0.782608692,40031.6,2606.5,40027.1,2606.2,40025.844,2599.053,39754.3587,2702.123654
1/1/2019 0:16:27,81,21,0.933333332,35288.8,3954,35278.5,3959.3,35289.91,3946.3225,34998.26064,4110.12397
1/1/2019 0:16:39,3,23,27.59999908,32815.8,4481.5,32830.7,4477.2,32815.406,4476.7554,32832.57641,4503.729749
1/1/2019 0:16:40,9,20,7.999999911,33143.8,4605.3,33157.4,4608.8,33144.105,4600.9746,33195.16019,4645.00851
1/1/2019 0:16:49,29,9,1.117241375,36253.9,4058.7,36252.6,4061.5,36236.47,4054.7656,36203.9521,4093.560602
1/1/2019 0:16:50,68,77,4.076470582,37466.8,4040.3,37519.8,4029,37479.945,4033.6804,37496.542,3948.73267
1/1/2019 0:16:53,24,27,4.049999983,40014.8,4094.1,40003.8,4086.7,39993.117,4091.5596,39965.71067,4105.524173
1/1/2019 0:16:55,16,13,2.924999982,39624.8,3856.4,39631.2,3853.2,39608.902,3852.6401,39770.66969,3866.609473
1/1/2019 0:16:58,0,20,720000000,40038.8,3704.2,40025.8,3700.4,39647.723,3647.6377,35386.64228,4084.660959
1/1/2019 0:17:01,21,23,3.942857124,39795.5,3293.2,39789.1,3286.1,39780.6,3287.7952,39966.59237,3220.361199
1/1/2019 0:17:09,13,9,2.492307673,33632.2,4660.8,33630.9,4658,33624.08,4657.4463,33700.67345,4716.645064
1/1/2019 0:17:13,0,3,108000000,33619.2,4650.2,33621.8,4650.2,33609.914,4649.479,33539.07765,4669.539435
1/1/2019 0:18:17,0,14,504000000,33621.8,4650.9,33621.2,4646.3,33625.215,4650.272,33311.21752,4673.227753
1/1/2019 0:18:19,15,20,4.799999968,33176.1,4603.2,33163.2,4607,33176.684,4598.418,33163.18247,4641.163508
1/1/2019 0:18:21,21,23,3.942857124,31868.8,4577.3,31859.1,4583.7,31864.762,4572.372,31670.39417,4571.253239
1/1/2019 0:18:23,28,30,3.857142843,31967.8,4834.2,31983.9,4841.2,31963.625,4828.517,32001.76511,4836.218617
1/1/2019 0:18:29,90,100,3.999999996,34778.4,4217.6,34826.3,4192.4,34716.793,4187.351,34796.19155,4183.388548
1/1/2019 0:18:34,76,83,3.931578942,40694.7,3128.3,40758.7,3126.9,40704.53,3119.5957,40687.70623,3181.959827
1/1/2019 0:18:37,77,85,3.974025969,45218.9,3235.5,45282.3,3242.2,45255.96,3221.3206,43630.27373,3347.739125
1/1/2019 0:18:39,18,12,2.399999987,46505.5,3761.6,46499,3764.4,46486.625,3761.1023,46269.86749,3676.315976
1/1/2019 0:18:40,18,10,1.999999989,46660.7,3834.4,46667.2,3836.2,46642.46,3833.4792,46166.99481,3735.036225
1/1/2019 0:18:41,1,4,14.39999856,46651,3873.3,46650.4,3874.8,46647.46,3860.531,45197.91875,3832.265954
1/1/2019 0:18:43,21,24,4.114285695,46661.4,3525.2,46660.7,3517.5,46641.12,3524.0168,46265.45233,3524.908069
1/1/2019 0:18:45,2,25,44.99999775,45541,3279.4,45521.6,3278,45525.07,3275.9287,44455.95625,3430.95857
1/1/2019 0:18:48,5,1,0.719999986,42353.2,3135.4,42352,3135.4,42343.55,3130.4194,42384.55069,3175.088325
1/1/2019 0:18:51,53,58,3.939622634,40685.6,3136.5,40640.3,3136.1,40676.914,3128.7942,40741.18374,3167.999352
1/1/2019 0:20:09,0,1,36000000,33651.6,4678.2,33652.2,4677.8,33642.504,4676.22,33497.758,4712.441662
1/1/2019 0:20:15,0,1,36000000,33654.2,4675.3,33655.5,4675.3,33645.07,4673.2954,33494.54549,4709.294808
1/1/2019 0:20:17,0,0,0,33655.5,4675.3,33655.5,4675.3,33639.84,4673.374,33546.21628,4718.446797
1/1/2019 0:21:05,0,3,108000000,33652.9,4679.9,33652.9,4681,33644.14,4678.2476,33379.89023,4689.628405
1/1/2019 0:21:32,18,24,4.799999973,32845.6,4746.4,32833.3,4752.4,32840.793,4741.659,32753.74781,4778.161463
1/1/2019 0:21:37,7,5,2.571428535,31934.8,5070.1,31930.9,5070.5,31909.064,5066.2456,31944.06803,5060.061305
1/1/2019 0:21:39,0,6,216000000,31930.9,5070.5,31926.4,5071.2,31920.92,5071.5195,31960.35135,4987.604576
1/1/2019 0:21:39,0,6,216000000,31925.1,5070.5,31925.7,5068.4,31915.08,5071.508,31955.86446,4987.386149
1/1/2019 0:21:43,21,23,3.942857124,32850.8,4734,32863,4728.7,32845.895,4729.934,32744.83412,4762.042042
1/1/2019 0:21:48,41,45,3.951219503,33671.6,4677.4,33696.9,4667.2,33641.234,4654.175,33642.99148,4668.782123
1/1/2019 0:21:50,56,62,3.985714279,36196.4,3888.2,36242.9,3883.3,36179.44,3885.7107,35924.20026,3913.801326
1/1/2019 0:21:52,37,21,2.043243238,38295.4,3340.9,38308.4,3336.7,38272.746,3336.7913,37909.25802,3402.379562
1/1/2019 0:21:52,23,26,4.0695652,38827.8,3326.1,38847.2,3328.2,38806.008,3321.4292,38564.82607,3347.624707
1/1/2019 0:21:55,22,24,3.927272709,39912.6,3200.1,39920.4,3207.2,39891.97,3195.4785,39647.78331,3218.406816
1/1/2019 0:21:56,38,42,3.978947358,39933.3,3192.4,39902.3,3196.2,39906.67,3188.3782,39420.23068,3292.536208
1/1/2019 0:21:57,62,68,3.94838709,38899.6,3340.2,38847.9,3336,38887.36,3335.1523,38638.71836,3393.95579
1/1/2019 0:21:58,3,7,8.39999972,37324.5,3545.1,37320,3546.5,37307.1,3539.952,37066.92556,3600.39598
1/1/2019 0:22:00,25,28,4.031999984,36672.5,3810.4,36654.3,3815.3,36646.906,3806.481,36485.83478,3837.593512
1/1/2019 0:22:02,19,21,3.978947347,35603.2,3892.8,35586.4,3893.5,35577.758,3887.263,35469.42218,3908.914858
1/1/2019 0:22:05,18,9,1.79999999,33365.7,4819.7,33362.4,4822.5,33362.92,4815.0405,33193.98457,4858.902522
1/1/2019 0:22:13,14,23,5.914285672,33879.3,3753.4,33897.4,3752,33862.336,3750.6921,33793.40431,3774.937901
1/1/2019 0:22:15,7,6,3.085714242,34440.1,3691.2,34437.5,3689.4,34418.42,3680.5845,34342.80749,3732.830033
1/1/2019 0:22:19,23,24,3.756521723,33740.8,3771.5,33722.1,3773.2,33732.715,3769.0295,33620.65635,3784.929819
1/1/2019 0:22:24,14,15,3.85714283,33415.5,4613.4,33427.1,4612.7,33413.594,4608.172,33211.10957,4657.041819
1/1/2019 0:22:33,2,19,34.19999829,33516.4,4583.3,33517,4589.7,33497.926,4576.3823,33326.06869,4628.189866
1/1/2019 0:22:38,3,23,27.59999908,32201.9,4192.8,32188.4,4187.8,32198.95,4186.609,32046.66652,4228.654535
1/1/2019 0:22:40,21,25,4.285714265,32030.5,3902.7,32023.4,3895.3,32033.316,3895.257,31762.21529,3915.932882
1/1/2019 0:22:41,10,20,7.199999928,31874.6,3879.7,31860.4,3876.9,31871.086,3873.5933,31641.83751,3909.687788
1/1/2019 0:22:42,38,42,3.978947358,31190.9,3858.8,31158.5,3857.8,31195.47,3848.6487,30942.36338,3923.142855
1/1/2019 0:22:49,7,6,3.085714242,26708.7,4110.7,26704.9,4109.7,26683.414,4108.332,27043.00782,4183.623456
1/1/2019 0:22:51,20,17,3.059999985,26710.7,4095.5,26716.5,4090.6,26688.342,4091.2488,26860.41957,4128.007581
1/1/2019 0:22:58,8,2,0.899999989,32832,4466.3,32833.3,4466.6,32819.66,4464.0093,32582.81544,4503.591417
1/1/2019 0:22:59,1,23,82.79999172,32833.3,4466.6,32843,4473,32831.234,4460.554,32696.24354,4507.855509
1/1/2019 0:23:01,2,14,25.19999874,32840.4,4489.6,32833.3,4493.1,32833.387,4485.245,32625.43657,4528.735254
1/1/2019 0:23:03,1,0,0,32830.7,4494.6,32830.1,4494.6,32815.242,4492.9463,32640.24867,4536.374712
1/1/2019 0:23:05,0,4,144000000,32829.4,4479,32832,4478.3,32815.98,4476.265,32500.93901,4467.827763
1/1/2019 0:23:07,11,15,4.909090864,33424.5,4611.3,33434.9,4609.2,33416.332,4604.426,33190.09958,4657.043346
1/1/2019 0:23:14,1,5,17.9999982,33918.1,3840.8,33914.2,3841.5,33898.418,3838.2778,33768.87281,3912.899855
1/1/2019 0:23:16,18,3,0.599999997,33452.3,4484.3,33451,4483.2,33444.45,4481.3833,33175.9215,4524.07584
1/1/2019 0:23:19,24,6,0.899999996,31923.8,4804.1,31921.2,4805.9,31907.406,4801.6743,31788.90243,4794.203374
1/1/2019 0:23:22,10,21,7.559999924,31599.7,4908.1,31602.9,4901.4,31594.346,4903.224,31573.7491,4906.979216
1/1/2019 0:23:35,0,3,108000000,31989.8,4169.8,31987.2,4170.2,31973.988,4167.109,31640.06326,4165.519647
1/1/2019 0:23:38,32,36,4.049999987,31887.6,4226.8,31868.8,4235.2,31889.758,4217.9053,31690.72211,4226.909467
1/1/2019 0:23:48,7,16,8.228571311,32702,5184,32689,5184.4,32696.65,5178.979,32649.2711,5151.464411
1/1/2019 0:23:55,0,65,2340000000,32678,5189.7,32665.1,5169.5,32759.408,5186.509,34023.72309,4676.144212
1/1/2019 0:23:57,1,6,21.59999784,32330.7,5246.3,32331.3,5248.4,32317.584,5243.7856,32393.61693,5163.712684
1/1/2019 0:24:23,1,11,39.59999604,32103.6,4162,32095.2,4161.3,32092.566,4157.7793,31892.72342,4218.840347
